{"cameraMode":{"drawMode":0,"name":"Shaded","section":"Shading Mode"},"sceneLighting":true,"audioPlay":false,"sceneViewState":{"showFog":true,"showMaterialUpdate":false,"showSkybox":true,"showFlares":true,"showImageEffects":true,"showParticleSystems":true,"showVisualEffectGraphs":true,"m_FxEnabled":true},"in2DMode":false,"pivot":{"x":2.1475441455841066,"y":-1.9302263259887696,"z":12.529081344604493},"rotation":{"x":-0.1734282523393631,"y":-0.0008891701581887901,"z":0.00015638922923244536,"w":-0.9848470687866211},"size":11.98714542388916,"orthographic":false}