{"cameraMode":{"drawMode":0,"name":"Shaded","section":"Shading Mode"},"sceneLighting":true,"audioPlay":false,"sceneViewState":{"showFog":true,"showMaterialUpdate":false,"showSkybox":true,"showFlares":true,"showImageEffects":true,"showParticleSystems":true,"showVisualEffectGraphs":true,"m_FxEnabled":true},"in2DMode":false,"pivot":{"x":-0.001032710075378418,"y":52.06695556640625,"z":143.29527282714845},"rotation":{"x":-0.05014750733971596,"y":0.9453074336051941,"z":-0.17525126039981843,"w":-0.2704963684082031},"size":1.139119029045105,"orthographic":false}